Time,Pulse,Heart Rate,Response Pad,Correct Response,
0,4.89036,0,0,0,Instructions.jpg
0.05,4.89128,0,0,0,
0.1,4.8922,0,0,0,
0.15,4.89311,0,0,0,
0.2,4.89403,0,0,0,
0.25,4.89466,0,0,0,
0.3,4.89555,0,0,0,
0.35,4.89618,0,0,0,
0.4,4.89708,0,0,0,
0.45,4.89775,0,0,0,
0.5,4.89881,0,0,0,
0.55,4.89967,0,0,0,
0.6,4.90045,0,0,0,
0.65,4.90119,0,0,0,
0.7,4.90196,0,0,0,
0.75,4.90259,0,0,0,
0.8,4.90338,0,0,0,
0.85,4.90395,0,0,0,
0.9,4.90471,0,0,0,
0.95,4.90532,0,0,0,Diff-Blue-Black.png
1,4.90623,0,0,0,
1.05,4.90686,0,0,0,
1.1,4.90766,0,0,0,
1.15,4.90807,0,0,0,
1.2,4.90868,0,0,0,
1.25,4.90903,0,0,0,
1.3,4.90964,0,0,0,
1.35,4.91051,0,0,0,
1.4,4.91137,0,0,0,
1.45,4.91208,0,0,0,
1.5,4.91295,0,0,0,
1.55,4.91356,0,0,0,
1.6,4.91421,0,0,0,
1.65,4.91508,0,0,0,
1.7,4.916,0,0,0,
1.75,4.91691,0,0,0,
1.8,4.91783,0,0,0,Diff-Yellow-Red.png
1.85,4.91875,0,0,0,
1.9,4.91986,0,0,0,
1.95,4.92109,0,0,0,
2,4.9222,0,0,0,
2.05,4.92345,0,0,0,
2.1,4.92458,0,0,0,
2.15,4.92587,0,8,330,
2.2,4.92699,0,8,330,
2.25,4.92821,0,8,0,
2.3,4.92943,0,0,0,
2.35,4.93055,0,0,0,
2.4,4.93187,0,0,0,
2.45,4.93287,0,0,0,
2.5,4.93403,0,8,0,
2.55,4.93523,0,8,0,Diff-Black-Yellow.png
2.6,4.93618,0,8,0,
2.65,4.93736,0,0,0,
2.7,4.93828,0,0,0,
2.75,4.9392,0,0,0,
2.8,4.94021,0,0,0,
2.85,4.94133,0,0,0,
2.9,4.94225,0,0,0,
2.95,4.94321,0,0,0,
3,4.9445,0,0,0,
3.05,4.94591,0,0,0,
3.1,4.94718,0,0,0,
3.15,4.94865,0,0,0,
3.2,4.94989,0,0,0,
3.25,4.95121,0,8,0,
3.3,4.95241,0,8,0,
3.35,4.95354,0,8,0,
3.4,4.95457,0,0,0,Diff-Red-Blue.png
3.45,4.95576,0,0,0,
3.5,4.95689,0,0,0,
3.55,4.9576,0,0,0,
3.6,4.95818,0,0,0,
3.65,4.95898,0,0,0,
3.7,4.95958,0,0,0,
3.75,4.96025,0,0,0,
3.8,4.96106,0,0,0,
3.85,4.96167,0,0,0,
3.9,4.96242,0,8,480,
3.95,4.9633,0,8,480,
4,4.96393,0,8,0,
4.05,4.96462,0,0,0,
4.1,4.96544,0,0,0,
4.15,4.96631,0,0,0,Same-Green-Green.png
4.2,4.96698,0,0,0,
4.25,4.96789,0,0,0,
4.3,4.9688,0,0,0,
4.35,4.96971,0,0,0,
4.4,4.97058,0,0,0,
4.45,4.97149,0,0,0,
4.5,4.97215,0,0,0,
4.55,4.97276,0,0,0,
4.6,4.97281,0,0,0,
4.65,4.97337,0,0,0,
4.7,4.97362,0,0,0,
4.75,4.97398,0,0,0,
4.8,4.97433,0,0,0,
4.85,4.9749,0,0,0,
4.9,4.97525,0,0,0,
4.95,4.97583,0,1,0,Diff-Red-Black.png
5,4.97643,0,1,0,
5.05,4.97693,0,0,0,
5.1,4.97734,0,0,0,
5.15,4.97766,0,0,0,
5.2,4.97797,0,0,0,
5.25,4.97856,0,0,0,
5.3,4.97948,0,0,0,
5.35,4.98039,0,0,0,
5.4,4.98145,0,0,0,
5.45,4.98253,0,0,0,
5.5,4.98376,0,8,510,
5.55,4.98497,0,8,510,
5.6,4.98619,0,8,0,
5.65,4.98741,0,0,0,
5.7,4.98863,0,0,0,Same-Blue-Blue.png
5.75,4.98995,0,0,0,
5.8,4.99107,0,0,0,
5.85,4.99214,0,0,0,
5.9,4.99321,0,0,0,
5.95,4.99413,0,0,0,
6,4.99511,0,0,0,
6.05,4.99626,0,0,0,
6.1,4.99718,0,0,0,
6.15,4.99821,0,0,0,
6.2,4.99941,0,0,0,
6.25,5.00084,0,0,0,
6.3,5.00237,0,0,0,
6.35,5.00384,0,0,0,
6.4,5.00514,0,1,665,
6.45,5.00659,0,1,665,
6.5,5.00788,0,0,0,
6.55,5.00938,0,0,0,Diff-Yellow-Green.png
6.6,5.01072,0,0,0,
6.65,5.01207,0,0,0,
6.7,5.01335,0,0,0,
6.75,5.01496,0,0,0,
6.8,5.01673,0,0,0,
6.85,5.01855,0,0,0,
6.9,5.02037,0,0,0,
6.95,5.02192,0,0,0,
7,5.02363,0,0,0,
7.05,5.02528,0,0,0,
7.1,5.02683,0,0,0,
7.15,5.02832,0,0,0,
7.2,5.02983,0,0,0,
7.25,5.03115,0,0,0,
7.3,5.03264,0,0,0,Diff-Blue-Yellow.png
7.35,5.0341,0,8,0,
7.4,5.03547,0,8,0,
7.45,5.03679,0,0,0,
7.5,5.03807,0,0,0,
7.55,5.03931,0,0,0,
7.6,5.04084,0,0,0,
7.65,5.04215,0,0,0,
7.7,5.04356,0,0,0,
7.75,5.04479,0,0,0,
7.8,5.04626,0,0,0,
7.85,5.04753,0,0,0,
7.9,5.04875,0,0,0,
7.95,5.05028,0,0,0,
8,5.05181,0,0,0,
8.05,5.05333,0,0,0,Same-Red-Red.png
8.1,5.05486,0,1,0,
8.15,5.05608,0,0,0,
8.2,5.05734,0,0,0,
8.25,5.05882,0,0,0,
8.3,5.06035,0,0,0,
8.35,5.06182,0,0,0,
8.4,5.0632,0,0,0,
8.45,5.06464,0,0,0,
8.5,5.06615,0,0,0,
8.55,5.06737,0,0,0,
8.6,5.06862,0,0,0,
8.65,5.07011,0,0,0,
8.7,5.07153,0,0,0,
8.75,5.07286,0,0,0,
8.8,5.07409,0,1,0,
8.85,5.07533,0,1,0,Diff-Yellow-Black.png
8.9,5.07647,0,1,0,
8.95,5.07748,0,0,0,
9,5.07897,0,0,0,
9.05,5.07993,0,0,0,
9.1,5.08096,0,0,0,
9.15,5.08178,0,0,0,
9.2,5.08269,0,0,0,
9.25,5.08361,0,0,0,
9.3,5.08471,0,0,0,
9.35,5.08542,0,0,0,
9.4,5.08603,0,0,0,
9.45,5.08671,0,0,0,
9.5,5.08751,0,8,595,
9.55,5.08817,0,8,595,
9.6,5.08904,0,8,0,
9.65,5.08971,0,0,0,
9.7,5.09087,0,0,0,Diff-Green-Yellow.png
9.75,5.09182,0,0,0,
9.8,5.09275,0,0,0,
9.85,5.09406,0,0,0,
9.9,5.09545,0,0,0,
9.95,5.09668,0,0,0,
10,5.09789,0,0,0,
10.05,5.0988,0,0,0,
10.1,5.09966,0,0,0,
10.15,5.10058,0,0,0,
10.2,5.10129,0,0,0,
10.25,5.1021,0,0,0,
10.3,5.10271,0,0,0,
10.35,5.10332,0,8,600,
10.4,5.10373,0,8,600,
10.45,5.10434,0,0,0,Diff-Yellow-Blue.png
10.5,5.10494,0,0,0,
10.55,5.10552,0,0,0,
10.6,5.10587,0,0,0,
10.65,5.10662,0,0,0,
10.7,5.10735,0,0,0,
10.75,5.10784,0,0,0,
10.8,5.10831,0,0,0,
10.85,5.10892,0,0,0,
10.9,5.10943,0,0,0,
10.95,5.11004,0,0,0,
11,5.11071,0,0,0,
11.05,5.11131,0,0,0,
11.1,5.11197,0,0,0,
11.15,5.11267,0,0,0,
11.2,5.11324,0,0,0,
11.25,5.11376,0,8,735,
11.3,5.11437,0,8,735,Diff-Red-Green.png
11.35,5.11528,0,8,0,
11.4,5.1162,0,0,0,
11.45,5.11706,0,0,0,
11.5,5.11797,0,0,0,
11.55,5.11886,0,0,0,
11.6,5.11993,0,0,0,
11.65,5.12114,0,0,0,
11.7,5.12204,0,0,0,
11.75,5.12291,0,0,0,
11.8,5.12371,0,0,0,
11.85,5.12463,0,0,0,
11.9,5.1254,0,0,0,
11.95,5.12657,0,0,0,
12,5.12801,0,0,0,
12.05,5.12932,0,0,0,Same-Black-Black.png
12.1,5.13059,0,0,0,
12.15,5.13186,0,0,0,
12.2,5.13298,0,1,110,
12.25,5.13407,0,1,110,
12.3,5.13512,0,1,0,
12.35,5.13598,0,0,0,
12.4,5.13695,0,0,0,
12.45,5.13789,0,0,0,
12.5,5.13878,0,0,0,
12.55,5.1397,0,0,0,
12.6,5.14061,0,0,0,
12.65,5.14153,0,0,0,
12.7,5.14244,0,0,0,
12.75,5.14339,0,0,0,
12.8,5.14447,0,0,0,
12.85,5.14554,0,0,0,Diff-Black-Blue.png
12.9,5.1466,0,1,0,
12.95,5.14763,0,1,0,
13,5.14864,0,1,0,
13.05,5.14977,0,0,0,
13.1,5.15093,0,0,0,
13.15,5.1519,0,0,0,
13.2,5.15282,0,0,0,
13.25,5.15394,0,0,0,
13.3,5.1552,0,0,0,
13.35,5.15621,0,0,0,
13.4,5.1574,0,0,0,
13.45,5.15862,0,0,0,
13.5,5.15984,0,0,0,
13.55,5.16106,0,0,0,
13.6,5.16228,0,8,680,
13.65,5.1635,0,8,680,Diff-Black-Green.png
13.7,5.16487,0,8,0,
13.75,5.16619,0,0,0,
13.8,5.16747,0,0,0,
13.85,5.16853,0,0,0,
13.9,5.16985,0,0,0,
13.95,5.17118,0,0,0,
14,5.17266,0,0,0,
14.05,5.17413,0,0,0,
14.1,5.17553,0,0,0,
14.15,5.17693,0,0,0,
14.2,5.17845,0,0,0,
14.25,5.18001,0,8,0,
14.3,5.18151,0,8,0,
14.35,5.18298,0,8,0,
14.4,5.18442,0,0,0,
14.45,5.18609,0,0,0,Diff-Green-Black.png
14.5,5.18761,0,0,0,
14.55,5.18914,0,0,0,
14.6,5.19079,0,0,0,
14.65,5.19244,0,0,0,
14.7,5.19396,0,0,0,
14.75,5.19554,0,0,0,
14.8,5.19707,0,0,0,
14.85,5.1989,0,0,0,
14.9,5.20045,0,0,0,
14.95,5.20226,0,0,0,
15,5.20378,0,0,0,
15.05,5.20539,0,0,0,
15.1,5.20715,0,0,0,
15.15,5.20897,0,0,0,
15.2,5.2105,0,0,0,Diff-Blue-Green.png
15.25,5.21202,0,0,0,
15.3,5.21349,0,0,0,
15.35,5.21508,0,0,0,
15.4,5.21641,0,8,145,
15.45,5.21769,0,8,145,
15.5,5.21889,0,8,0,
15.55,5.22026,0,8,0,
15.6,5.2217,0,8,0,
15.65,5.22271,0,0,0,
15.7,5.2243,0,0,0,
15.75,5.22587,0,0,0,
15.8,5.22749,0,0,0,
15.85,5.22911,0,0,0,
15.9,5.23095,0,0,0,
15.95,5.23247,0,0,0,
16,5.23409,0,0,0,
16.05,5.23552,0,0,0,Diff-Green-Red.png
16.1,5.23694,0,0,0,
16.15,5.23827,0,8,65,
16.2,5.23943,0,8,65,
16.25,5.24041,0,8,0,
16.3,5.24137,0,0,0,
16.35,5.24257,0,0,0,
16.4,5.24386,0,0,0,
16.45,5.24498,0,0,0,
16.5,5.24615,0,0,0,
16.55,5.24728,0,0,0,
16.6,5.24834,0,0,0,
16.65,5.2493,0,0,0,
16.7,5.25012,0,0,0,
16.75,5.2508,0,8,0,
16.8,5.25174,0,8,0,Diff-Blue-Red.png
16.85,5.25263,0,8,0,
16.9,5.25353,0,0,0,
16.95,5.25444,0,0,0,
17,5.25516,0,0,0,
17.05,5.25614,0,0,0,
17.1,5.25705,0,0,0,
17.15,5.25791,0,0,0,
17.2,5.25902,0,0,0,
17.25,5.25994,0,0,0,
17.3,5.26085,0,0,0,
17.35,5.26177,0,0,0,
17.4,5.26268,0,0,0,
17.45,5.2639,0,8,0,
17.5,5.26508,0,8,0,
17.55,5.26604,0,8,0,
17.6,5.26696,0,0,0,
17.65,5.26779,0,0,0,Diff-Black-Red.png
17.7,5.26854,0,0,0,
17.75,5.26909,0,0,0,
17.8,5.26996,0,0,0,
17.85,5.27092,0,0,0,
17.9,5.27188,0,0,0,
17.95,5.27275,0,0,0,
18,5.27378,0,0,0,
18.05,5.27489,0,0,0,
18.1,5.27581,0,0,0,
18.15,5.27654,0,0,0,
18.2,5.27748,0,0,0,
18.25,5.27816,0,0,0,
18.3,5.27889,0,8,640,
18.35,5.27982,0,8,640,
18.4,5.28059,0,8,0,Diff-Green-Blue.png
18.45,5.2813,0,0,0,
18.5,5.28206,0,0,0,
18.55,5.28269,0,0,0,
18.6,5.28344,0,0,0,
18.65,5.28425,0,0,0,
18.7,5.28527,0,0,0,
18.75,5.28621,0,0,0,
18.8,5.2874,0,0,0,
18.85,5.28827,0,0,0,
18.9,5.28923,0,0,0,
18.95,5.29015,0,0,0,
19,5.29107,0,0,0,
19.05,5.29229,0,0,0,
19.1,5.29372,0,0,0,
19.15,5.2952,0,8,0,
19.2,5.29656,0,8,0,Same-Yellow-Yellow.png
19.25,5.29784,0,8,0,
19.3,5.29931,0,0,0,
19.35,5.30114,0,0,0,
19.4,5.30266,0,0,0,
19.45,5.30419,0,0,0,
19.5,5.30577,0,0,0,
19.55,5.30755,0,0,0,
19.6,5.30929,0,0,0,
19.65,5.3109,0,0,0,
19.7,5.31243,0,0,0,
19.75,5.31426,0,0,0,
19.8,5.31589,0,0,0,
19.85,5.31747,0,0,0,
19.9,5.31928,0,0,0,
19.95,5.32128,0,1,720,Diff-Red-Yellow.png
20,5.32316,0,1,720,
20.05,5.32494,0,1,0,
20.1,5.32647,0,0,0,
20.15,5.32813,0,0,0,
20.2,5.32982,0,0,0,
20.25,5.33172,0,0,0,
20.3,5.33349,0,0,0,
20.35,5.33516,0,0,0,
20.4,5.33695,0,0,0,
20.45,5.3389,0,0,0,
20.5,5.34066,0,0,0,
20.55,5.34264,0,0,0,
20.6,5.34471,0,0,0,
20.65,5.34655,0,0,0,
20.7,5.34844,0,0,0,
20.75,5.35027,0,0,0,
20.8,5.35241,0,8,0,Same-Blue-Blue.png
20.85,5.35428,0,8,0,
20.9,5.35607,0,8,0,
20.95,5.3578,0,0,0,
21,5.35925,0,0,0,
21.05,5.36085,0,0,0,
21.1,5.36274,0,0,0,
21.15,5.36431,0,0,0,
21.2,5.36614,0,0,0,
21.25,5.36793,0,0,0,
21.3,5.3698,0,0,0,
21.35,5.37162,0,0,0,
21.4,5.37347,0,0,0,
21.45,5.37511,0,0,0,
21.5,5.37682,0,0,0,
21.55,5.37835,0,1,705,Same-Red-Red.png
21.6,5.37987,0,1,0,
21.65,5.38114,0,1,0,
21.7,5.38288,0,0,0,
21.75,5.38445,0,0,0,
21.8,5.38595,0,0,0,
21.85,5.3875,0,0,0,
21.9,5.38903,0,0,0,
21.95,5.39051,0,0,0,
22,5.3918,0,0,0,
22.05,5.3933,0,0,0,
22.1,5.39452,0,0,0,
22.15,5.39584,0,0,0,
22.2,5.39727,0,0,0,
22.25,5.39874,0,1,0,
22.3,5.40007,0,1,0,
22.35,5.40169,0,1,0,
22.4,5.40332,0,0,0,Diff-Blue-Red.png
22.45,5.4049,0,0,0,
22.5,5.40642,0,0,0,
22.55,5.40795,0,0,0,
22.6,5.40948,0,0,0,
22.65,5.411,0,0,0,
22.7,5.41253,0,0,0,
22.75,5.41419,0,0,0,
22.8,5.41589,0,0,0,
22.85,5.41756,0,0,0,
22.9,5.4192,0,0,0,
22.95,5.42081,0,0,0,
23,5.4226,0,0,0,
23.05,5.42439,0,0,0,
23.1,5.42596,0,8,660,
23.15,5.42779,0,8,660,
23.2,5.42931,0,8,0,Diff-Yellow-Red.png
23.25,5.43115,0,0,0,
23.3,5.43288,0,0,0,
23.35,5.4345,0,0,0,
23.4,5.43629,0,0,0,
23.45,5.43781,0,0,0,
23.5,5.43944,0,0,0,
23.55,5.44117,0,0,0,
23.6,5.44271,0,0,0,
23.65,5.44404,0,0,0,
23.7,5.44549,0,0,0,
23.75,5.44676,0,0,0,
23.8,5.44823,0,0,0,
23.85,5.44945,0,0,0,
23.9,5.45098,0,0,0,
23.95,5.45232,0,0,0,Diff-Black-Blue.png
24,5.45365,0,8,10,
24.05,5.45501,0,8,10,
24.1,5.45652,0,8,0,
24.15,5.45807,0,8,0,
24.2,5.45983,0,0,0,
24.25,5.46136,0,0,0,
24.3,5.46288,0,0,0,
24.35,5.46451,0,0,0,
24.4,5.46624,0,0,0,
24.45,5.46783,0,0,0,
24.5,5.46935,0,0,0,
24.55,5.47082,0,0,0,
24.6,5.47215,0,0,0,
24.65,5.47362,0,0,0,
24.7,5.47509,0,0,0,
24.75,5.47641,0,0,0,
24.8,5.47758,0,0,0,Diff-Green-Blue.png
24.85,5.47866,0,0,0,
24.9,5.47967,0,0,0,
24.95,5.48073,0,0,0,
25,5.4818,0,0,0,
25.05,5.48293,0,8,215,
25.1,5.48384,0,8,215,
25.15,5.48455,0,8,0,
25.2,5.48536,0,0,0,
25.25,5.48638,0,0,0,
25.3,5.4872,0,0,0,
25.35,5.48805,0,0,0,
25.4,5.48897,0,0,0,
25.45,5.48979,0,0,0,
25.5,5.49065,0,0,0,
25.55,5.49146,0,0,0,Diff-Black-Green.png
25.6,5.49202,0,0,0,
25.65,5.49279,0,0,0,
25.7,5.49352,0,0,0,
25.75,5.49437,0,0,0,
25.8,5.49513,0,0,0,
25.85,5.49584,0,0,0,
25.9,5.49639,0,0,0,
25.95,5.49704,0,0,0,
26,5.49759,0,8,400,
26.05,5.49841,0,8,400,
26.1,5.49918,0,8,0,
26.15,5.49981,0,0,0,
26.2,5.50042,0,0,0,
26.25,5.50074,0,0,0,
26.3,5.50103,0,0,0,
26.35,5.50144,0,0,0,
26.4,5.50195,0,0,0,Diff-Red-Blue.png
26.45,5.50256,0,0,0,
26.5,5.50311,0,0,0,
26.55,5.50347,0,0,0,
26.6,5.50393,0,8,160,
26.65,5.50428,0,8,160,
26.7,5.50453,0,8,0,
26.75,5.505,0,0,0,
26.8,5.50524,0,0,0,
26.85,5.50581,0,0,0,
26.9,5.50638,0,0,0,
26.95,5.50734,0,0,0,
27,5.50835,0,0,0,
27.05,5.50919,0,0,0,
27.1,5.50982,0,8,0,Diff-Yellow-Green.png
27.15,5.51059,0,8,0,
27.2,5.51146,0,8,0,
27.25,5.51216,0,0,0,
27.3,5.51318,0,0,0,
27.35,5.51415,0,0,0,
27.4,5.51521,0,0,0,
27.45,5.51629,0,0,0,
27.5,5.51738,0,0,0,
27.55,5.51843,0,0,0,
27.6,5.51965,0,0,0,
27.65,5.52087,0,0,0,
27.7,5.52214,0,0,0,
27.75,5.52336,0,0,0,
27.8,5.52422,0,8,0,
27.85,5.52482,0,8,0,
27.9,5.52549,0,8,0,
27.95,5.52636,0,0,0,Diff-Red-Green.png
28,5.52727,0,0,0,
28.05,5.52819,0,0,0,
28.1,5.52937,0,0,0,
28.15,5.53033,0,0,0,
28.2,5.53155,0,0,0,
28.25,5.53246,0,0,0,
28.3,5.53307,0,0,0,
28.35,5.53405,0,0,0,
28.4,5.5351,0,0,0,
28.45,5.53643,0,8,480,
28.5,5.53765,0,8,480,
28.55,5.53908,0,8,0,
28.6,5.5404,0,8,0,
28.65,5.54187,0,0,0,
28.7,5.54314,0,0,0,Diff-Blue-Black.png
28.75,5.54479,0,0,0,
28.8,5.5465,0,0,0,
28.85,5.54807,0,0,0,
28.9,5.54986,0,0,0,
28.95,5.55139,0,0,0,
29,5.55291,0,0,0,
29.05,5.55444,0,0,0,
29.1,5.55596,0,0,0,
29.15,5.55736,0,0,0,
29.2,5.55866,0,0,0,
29.25,5.55993,0,0,0,
29.3,5.56146,0,0,0,
29.35,5.56273,0,0,0,
29.4,5.56409,0,8,635,
29.45,5.56539,0,8,635,
29.5,5.56664,0,0,0,
29.55,5.56786,0,0,0,Diff-Black-Yellow.png
29.6,5.56914,0,0,0,
29.65,5.57051,0,0,0,
29.7,5.57153,0,0,0,
29.75,5.57257,0,0,0,
29.8,5.57356,0,0,0,
29.85,5.57432,0,0,0,
29.9,5.57519,0,0,0,
29.95,5.57601,0,0,0,
30,5.5768,0,0,0,
30.05,5.57763,0,8,465,
30.1,5.5782,0,8,465,
30.15,5.57859,0,8,0,
30.2,5.57916,0,8,0,
30.25,5.57966,0,0,0,
30.3,5.58002,0,0,0,Same-Green-Green.png
30.35,5.58032,0,0,0,
30.4,5.58058,0,0,0,
30.45,5.58097,0,0,0,
30.5,5.58131,0,0,0,
30.55,5.58167,0,0,0,
30.6,5.58193,0,0,0,
30.65,5.58241,0,0,0,
30.7,5.58282,0,0,0,
30.75,5.58333,0,0,0,
30.8,5.58363,0,0,0,
30.85,5.58399,0,0,0,
30.9,5.58434,0,0,0,
30.95,5.58471,0,1,615,
31,5.58546,0,1,615,
31.05,5.5859,0,1,0,
31.1,5.58678,0,0,0,Same-Black-Black.png
31.15,5.5874,0,0,0,
31.2,5.58831,0,0,0,
31.25,5.58917,0,0,0,
31.3,5.59014,0,0,0,
31.35,5.591,0,0,0,
31.4,5.59167,0,0,0,
31.45,5.5925,0,0,0,
31.5,5.59319,0,0,0,
31.55,5.59409,0,0,0,
31.6,5.5947,0,0,0,
31.65,5.59533,0,8,0,
31.7,5.59625,0,8,0,
31.75,5.59711,0,8,0,
31.8,5.59808,0,0,0,
31.85,5.59919,0,0,0,Diff-Yellow-Blue.png
31.9,5.60021,0,0,0,
31.95,5.60137,0,0,0,
32,5.60241,0,0,0,
32.05,5.60368,0,0,0,
32.1,5.60479,0,0,0,
32.15,5.60607,0,0,0,
32.2,5.60754,0,0,0,
32.25,5.60907,0,0,0,
32.3,5.61029,0,0,0,
32.35,5.61181,0,0,0,
32.4,5.61324,0,0,0,
32.45,5.61425,0,0,0,
32.5,5.6156,0,0,0,
32.55,5.61697,0,0,0,
32.6,5.61828,0,8,700,
32.65,5.61955,0,8,700,
32.7,5.62061,0,8,0,Diff-Red-Black.png
32.75,5.62152,0,0,0,
32.8,5.62249,0,0,0,
32.85,5.62361,0,0,0,
32.9,5.62432,0,0,0,
32.95,5.62524,0,0,0,
33,5.62602,0,0,0,
33.05,5.62676,0,0,0,
33.1,5.62766,0,0,0,
33.15,5.62829,0,0,0,
33.2,5.6289,0,0,0,
33.25,5.62964,0,0,0,
33.3,5.6304,0,0,0,
33.35,5.63104,0,8,595,
33.4,5.63194,0,8,595,
33.45,5.63287,0,8,0,Diff-Green-Red.png
33.5,5.63405,0,8,0,
33.55,5.635,0,0,0,
33.6,5.63623,0,0,0,
33.65,5.63756,0,0,0,
33.7,5.63897,0,0,0,
33.75,5.64038,0,0,0,
33.8,5.64169,0,0,0,
33.85,5.64294,0,0,0,
33.9,5.64427,0,0,0,
33.95,5.64565,0,0,0,
34,5.64696,0,0,0,
34.05,5.64843,0,0,0,
34.1,5.64996,0,0,0,
34.15,5.65118,0,0,0,
34.2,5.6524,0,0,0,
34.25,5.65362,0,0,0,
34.3,5.65484,0,0,0,Same-Yellow-Yellow.png
34.35,5.65637,0,8,0,
34.4,5.6579,0,8,0,
34.45,5.65972,0,8,0,
34.5,5.66125,0,0,0,
34.55,5.66287,0,0,0,
34.6,5.6644,0,0,0,
34.65,5.66583,0,0,0,
34.7,5.66705,0,0,0,
34.75,5.66827,0,0,0,
34.8,5.66949,0,0,0,
34.85,5.67087,0,0,0,
34.9,5.67229,0,0,0,
34.95,5.67366,0,0,0,
35,5.67498,0,0,0,Diff-Red-Yellow.png
35.05,5.67621,0,0,0,
35.1,5.6777,0,0,0,
35.15,5.67895,0,0,0,
35.2,5.68017,0,1,0,
35.25,5.68139,0,1,0,
35.3,5.68258,0,1,0,
35.35,5.68384,0,1,0,
35.4,5.68504,0,0,0,
35.45,5.68628,0,0,0,
35.5,5.6878,0,0,0,
35.55,5.68933,0,0,0,
35.6,5.69055,0,0,0,
35.65,5.69201,0,0,0,
35.7,5.69329,0,0,0,
35.75,5.69498,0,0,0,
35.8,5.69635,0,0,0,
35.85,5.69787,0,0,0,Diff-Black-Red.png
35.9,5.69928,0,8,0,
35.95,5.70052,0,8,0,
36,5.70212,0,8,0,
36.05,5.70352,0,0,0,
36.1,5.70489,0,0,0,
36.15,5.70604,0,0,0,
36.2,5.70728,0,0,0,
36.25,5.70855,0,0,0,
36.3,5.70977,0,0,0,
36.35,5.71105,0,0,0,
36.4,5.71222,0,0,0,
36.45,5.71344,0,0,0,
36.5,5.7145,0,0,0,
36.55,5.71557,0,0,0,
36.6,5.71649,0,0,0,Diff-Green-Yellow.png
36.65,5.7174,0,0,0,
36.7,5.71832,0,8,50,
36.75,5.71954,0,8,50,
36.8,5.72066,0,8,0,
36.85,5.72168,0,8,0,
36.9,5.72284,0,0,0,
36.95,5.72381,0,0,0,
37,5.72473,0,0,0,
37.05,5.72564,0,0,0,
37.1,5.7267,0,0,0,
37.15,5.72778,0,0,0,
37.2,5.729,0,0,0,
37.25,5.7302,0,0,0,
37.3,5.73124,0,0,0,
37.35,5.73236,0,0,0,Diff-Blue-Green.png
37.4,5.73351,0,0,0,
37.45,5.73448,0,1,0,
37.5,5.73541,0,1,0,
37.55,5.73632,0,0,0,
37.6,5.73724,0,0,0,
37.65,5.73832,0,0,0,
37.7,5.73938,0,0,0,
37.75,5.74046,0,0,0,
37.8,5.74151,0,0,0,
37.85,5.7427,0,0,0,
37.9,5.74389,0,0,0,
37.95,5.74487,0,0,0,
38,5.74606,0,0,0,
38.05,5.74716,0,0,0,
38.1,5.74822,0,0,0,
38.15,5.74914,0,0,0,
38.2,5.75026,0,0,0,Diff-Blue-Yellow.png
38.25,5.75155,0,0,0,
38.3,5.75274,0,0,0,
38.35,5.75377,0,0,0,
38.4,5.75464,0,0,0,
38.45,5.75555,0,8,215,
38.5,5.75647,0,8,215,
38.55,5.75738,0,8,0,
38.6,5.75836,0,0,0,
38.65,5.75921,0,0,0,
38.7,5.76013,0,0,0,
38.75,5.76134,0,0,0,
38.8,5.76242,0,0,0,
38.85,5.76353,0,0,0,
38.9,5.76494,0,0,0,
38.95,5.76621,0,8,0,Diff-Yellow-Black.png
39,5.76745,0,8,0,
39.05,5.76878,0,8,0,
39.1,5.7702,0,8,0,
39.15,5.77173,0,0,0,
39.2,5.77325,0,0,0,
39.25,5.77473,0,0,0,
39.3,5.776,0,0,0,
39.35,5.77738,0,0,0,
39.4,5.77874,0,0,0,
39.45,5.77969,0,0,0,
39.5,5.78118,0,0,0,
39.55,5.78241,0,0,0,
39.6,5.78368,0,0,0,
39.65,5.785,0,0,0,
39.7,5.78638,0,0,0,
39.75,5.7879,0,0,0,
39.8,5.78933,0,0,0,Diff-Green-Black.png
39.85,5.79034,0,8,0,
39.9,5.79123,0,8,0,
39.95,5.79217,0,8,0,
40,5.7934,0,0,0,
40.05,5.79431,0,0,0,
40.1,5.79527,0,0,0,
40.15,5.79614,0,0,0,
40.2,5.79695,0,0,0,
40.25,5.79793,0,0,0,
40.3,5.79858,0,0,0,
40.35,5.7994,0,0,0,
40.4,5.80011,0,0,0,
40.45,5.80103,0,0,0,
40.5,5.80194,0,8,0,
40.55,5.8029,0,8,0,
40.6,5.80408,0,8,0,
40.65,5.80526,0,0,0,
40.7,5.80621,0,0,0,
40.75,5.80727,0,0,0,
40.8,5.80834,0,0,0,
40.85,5.80927,0,0,0,
40.9,5.81017,0,0,0,
40.95,5.81114,0,0,0,
41,5.81231,0,0,0,
41.05,5.81354,0,0,0,
41.1,5.81476,0,0,0,
41.15,5.81588,0,0,0,
41.2,5.81667,0,0,0,
41.25,5.81755,0,0,0,
41.3,5.81858,0,0,0,
41.35,5.81964,0,0,0,
41.4,5.82036,0,0,0,
41.45,5.82116,0,0,0,
41.5,5.82175,0,0,0,
41.55,5.82214,0,0,0,
41.6,5.82269,0,0,0,
41.65,5.82336,0,0,0,
41.7,5.82422,0,0,0,
41.75,5.82513,0,0,0,
41.8,5.82605,0,0,0,
41.85,5.82697,0,0,0,
41.9,5.82788,0,0,0,
41.95,5.8288,0,0,0,
42,5.83001,0,0,0,
42.05,5.83093,0,0,0,
42.1,5.83215,0,0,0,
42.15,5.83337,0,0,0,
42.2,5.83486,0,0,0,
42.25,5.83612,0,0,0,
42.3,5.83763,0,0,0,
42.35,5.83895,0,0,0,
42.4,5.84033,0,0,0,
42.45,5.8416,0,0,0,
42.5,5.84262,0,0,0,
42.55,5.84375,0,0,0,
42.6,5.84497,0,0,0,
42.65,5.84648,0,0,0,
42.7,5.84771,0,0,0,
42.75,5.84899,0,0,0,
42.8,5.85037,0,0,0,
42.85,5.85152,0,0,0,
42.9,5.8526,0,0,0,
42.95,5.85352,0,0,0,
43,5.85457,0,0,0,
43.05,5.85555,0,0,0,
43.1,5.85656,0,0,0,
43.15,5.85748,0,0,0,
43.2,5.85864,0,0,0,
43.25,5.85946,0,0,0,
43.3,5.86053,0,0,0,
43.35,5.86175,0,0,0,
43.4,5.86308,0,0,0,
43.45,5.8645,0,0,0,
43.5,5.86602,0,0,0,
43.55,5.86758,0,0,0,
43.6,5.86908,0,0,0,
43.65,5.87076,0,0,0,
43.7,5.87239,0,0,0,
43.75,5.87396,0,0,0,
43.8,5.87578,0,0,0,
43.85,5.8773,0,0,0,
43.9,5.87883,0,0,0,
43.95,5.88015,0,0,0,
44,5.88159,0,0,0,
44.05,5.88311,0,0,0,
44.1,5.88455,0,0,0,
44.15,5.88593,0,0,0,
44.2,5.88768,0,0,0,
44.25,5.88951,0,0,0,
44.3,5.89105,0,0,0,
44.35,5.89256,0,0,0,
44.4,5.8941,0,0,0,
44.45,5.89543,0,0,0,
44.5,5.89657,0,0,0,